timestamp_unix,timestamp_iso,sample_timestamp,sample_clockbase,block_index,block_name,mode,sweep_variable,sweep_value,point_index_block,point_index_total,set_bias_V,set_amplitude_V,set_frequency_Hz,measured_drive_V,measured_frequency_Hz,model,model_name,param0_name,param1_name,param0,param1,C_F,R_Ohm,demod_R_raw,demod_R,demod_R_gain,Z_real_Ohm,Z_imag_Ohm,Z_abs_Ohm,Z_phase_rad,imps_current_range_A,currin_index,currin_range_A,currin_norm_min,currin_norm_max,currin_est_A,currin_peak_A,iv_autorange_mode
1781066743.1396427,2026-06-10T12:45:43.139,87893298301296,,2,cv_100kHz,bias,bias,0.0,1,201,0.0,0.1,100000.0,0.099945068359375,99999.99999990905,0,Rp || Cp,Rp,Cp,103417.15617148022,1.566322610178515e-12,1.566322610178515e-12,103417.15617148022,8.893177957346882e-07,8.893177957346882e-07,1.0,102356.86697261053,-10417.671547961201,102885.64572830308,-0.1014286821503944,9.999999974752427e-07,0,9.999999747378752e-05,-1.0,0.999969482421875,-1.5258788677030566e-09,9.999999747378752e-05,off
1781066744.1291995,2026-06-10T12:45:44.129,87893357365616,,2,cv_100kHz,bias,bias,0.01,2,202,0.01,0.1,100000.0,0.099945068359375,99999.99999990905,0,Rp || Cp,Rp,Cp,11467.218675970531,1.2432744678193844e-09,1.2432744678193844e-09,11467.218675970531,5.548002282220856e-05,5.548002282220856e-05,1.0,141.1462611425987,-1264.3705053437805,1272.2244463214113,-1.4596229948344694,9.999999747378752e-05,0,9.999999747378752e-05,-0.761138916015625,0.774505615234375,6.683349440539388e-07,7.745055956687175e-05,off
1781066744.611037,2026-06-10T12:45:44.611,87893384604016,,2,cv_100kHz,bias,bias,0.02,3,203,0.02,0.1,100000.0,0.099945068359375,99999.99999990905,0,Rp || Cp,Rp,Cp,11290.904076197801,1.2432710488042152e-09,1.2432710488042152e-09,11290.904076197801,5.54838866729379e-05,5.54838866729379e-05,1.0,143.2956124590891,-1263.8842440134952,1271.9815308468867,-1.4579012468693726,9.999999747378752e-05,0,9.999999747378752e-05,-0.761138916015625,0.774505615234375,6.683349440539388e-07,7.745055956687175e-05,off
1781066745.1385038,2026-06-10T12:45:45.138,87893414709616,,2,cv_100kHz,bias,bias,0.03,4,204,0.03,0.1,100000.0,0.099945068359375,99999.99999990905,0,Rp || Cp,Rp,Cp,11040.934935781226,1.2432524563194274e-09,1.2432524563194274e-09,11040.934935781226,5.5486898974191126e-05,5.5486898974191126e-05,1.0,146.45906309783553,-1263.1685276538453,1271.6308373182364,-1.4553659629138154,9.999999747378752e-05,0,9.999999747378752e-05,-0.761138916015625,0.774505615234375,6.683349440539388e-07,7.745055956687175e-05,off
1781066745.6406388,2026-06-10T12:45:45.640,87893445962096,,2,cv_100kHz,bias,bias,0.04,5,205,0.04,0.1,100000.0,0.099945068359375,99999.99999990905,0,Rp || Cp,Rp,Cp,10679.315301735573,1.2430796103707948e-09,1.2430796103707948e-09,10679.315301735573,5.5489420937081886e-05,5.5489420937081886e-05,1.0,151.32168622300546,-1262.1860981821965,1271.2246061045903,-1.4514772505367315,9.999999747378752e-05,0,9.999999747378752e-05,-0.755828857421875,0.78045654296875,1.2313842462363667e-06,7.804565232527594e-05,off
1781066746.1186159,2026-06-10T12:45:46.118,87893476641136,,2,cv_100kHz,bias,bias,0.05,6,206,0.05,0.1,100000.0,0.099945068359375,99999.99999990905,0,Rp || Cp,Rp,Cp,10353.535633100006,1.2427858045272754e-09,1.2427858045272754e-09,10353.535633100006,5.548212599964256e-05,5.548212599964256e-05,1.0,156.01449317893886,-1261.3330616162807,1270.945165775527,-1.4477312242094604,9.999999747378752e-05,0,9.999999747378752e-05,-0.75469970703125,0.781951904296875,1.3626098288588295e-06,7.819518845431084e-05,off
1781066746.539516,2026-06-10T12:45:46.539,87893503306096,,2,cv_100kHz,bias,bias,0.06,7,207,0.06,0.1,100000.0,0.099945068359375,99999.99999990905,0,Rp || Cp,Rp,Cp,9867.641929696685,1.2425906303172979e-09,1.2425906303172979e-09,9867.641929696685,5.548575349040064e-05,5.548575349040064e-05,1.0,163.49879065942847,-1259.6093313478514,1270.176177609105,-1.4417168332604042,9.999999747378752e-05,0,9.999999747378752e-05,-0.73876953125,0.78399658203125,2.26135248193593e-06,7.839965622258305e-05,off
1781066746.9922473,2026-06-10T12:45:46.992,87893530257776,,2,cv_100kHz,bias,bias,0.07,8,208,0.07,0.1,100000.0,0.099945068359375,99999.99999990905,0,Rp || Cp,Rp,Cp,9559.657066590767,1.2424357422841748e-09,1.2424357422841748e-09,9559.657066590767,5.5490682439632005e-05,5.5490682439632005e-05,1.0,168.62466608890722,-1258.395686087939,1269.6432494123421,-1.437590107750185,9.999999747378752e-05,0,9.999999747378752e-05,-0.73876953125,0.799530029296875,3.0380248255967857e-06,7.995300090990476e-05,off
1781066747.483429,2026-06-10T12:45:47.483,87893556349296,,2,cv_100kHz,bias,bias,0.08,9,209,0.08,0.1,100000.0,0.099945068359375,99999.99999990905,0,Rp || Cp,Rp,Cp,8995.561991121296,1.2421445157672534e-09,1.2421445157672534e-09,8995.561991121296,5.550595801968515e-05,5.550595801968515e-05,1.0,178.87305640194018,-1255.813719107423,1268.4887336531567,-1.4293120371793702,9.999999747378752e-05,0,9.999999747378752e-05,-0.732879638671875,0.799530029296875,3.3325194470634756e-06,7.995300090990476e-05,off
1781066748.0026858,2026-06-10T12:45:48.002,87893586454896,,2,cv_100kHz,bias,bias,0.09,10,210,0.09,0.1,100000.0,0.099945068359375,99999.99999990905,0,Rp || Cp,Rp,Cp,8435.175721018046,1.2417134298475738e-09,1.2417134298475738e-09,8435.175721018046,5.551335808218976e-05,5.551335808218976e-05,1.0,190.36621032608505,-1252.8100979042642,1267.1907652144596,-1.4199984976543671,9.999999747378752e-05,0,9.999999747378752e-05,-0.72723388671875,0.999969482421875,1.3636779440662217e-05,9.999694571605211e-05,off
1781066748.799126,2026-06-10T12:45:48.799,87893638924656,,2,cv_100kHz,bias,bias,0.1,11,211,0.1,0.1,100000.0,0.099945068359375,99999.99999990905,0,Rp || Cp,Rp,Cp,7938.40459603772,1.2434238557862233e-09,1.2434238557862233e-09,7938.40459603772,5.5346251393459274e-05,5.5346251393459274e-05,1.0,201.15102197286595,-1247.540165159565,1263.652720223038,-1.410934089979135,0.0010000000474974513,0,0.0010000000474974513,-0.087799072265625,0.085235595703125,-1.2817383421293016e-06,8.779907643585716e-05,off
1781066749.2614877,2026-06-10T12:45:49.261,87893665876336,,2,cv_100kHz,bias,bias,0.11,12,212,0.11,0.1,100000.0,0.099945068359375,99999.99999990905,0,Rp || Cp,Rp,Cp,7461.125959020755,1.2430004367985207e-09,1.2430004367985207e-09,7461.125959020755,5.538105004695248e-05,5.538105004695248e-05,1.0,213.44597339119125,-1243.7797672259173,1261.961684409424,-1.4008410847375958,0.0010000000474974513,0,0.0010000000474974513,-0.087799072265625,0.087860107421875,3.051757957450718e-08,8.786011159500617e-05,off
1781066749.7334454,2026-06-10T12:45:49.733,87893690534256,,2,cv_100kHz,bias,bias,0.12,13,213,0.12,0.1,100000.0,0.099945068359375,99999.99999990905,0,Rp || Cp,Rp,Cp,7013.602494762626,1.2425812795348513e-09,1.2425812795348513e-09,7013.602494762626,5.541383941839526e-05,5.541383941839526e-05,1.0,226.3610265619406,-1239.5027011933778,1260.0024843673348,-1.3901644006804055,0.0010000000474974513,0,0.0010000000474974513,-0.087799072265625,0.124664306640625,1.8432618063002337e-05,0.00012466431256186183,off
1781066750.2033277,2026-06-10T12:45:50.203,87893720353136,,2,cv_100kHz,bias,bias,0.13,14,214,0.13,0.1,100000.0,0.099945068359375,99999.99999990905,0,Rp || Cp,Rp,Cp,6581.6312223744235,1.2420240745526137e-09,1.2420240745526137e-09,6581.6312223744235,5.5457985919217904e-05,5.5457985919217904e-05,1.0,240.37454696503454,-1234.6160133987137,1257.798323805998,-1.378506126858305,0.0010000000474974513,0,0.0010000000474974513,-0.087799072265625,0.124664306640625,1.8432618063002337e-05,0.00012466431256186183,off
1781066750.7164671,2026-06-10T12:45:50.716,87893750172016,,2,cv_100kHz,bias,bias,0.14,15,215,0.14,0.1,100000.0,0.099945068359375,99999.99999990905,0,Rp || Cp,Rp,Cp,6146.282323217352,1.2411388623597416e-09,1.2411388623597416e-09,6146.282323217352,5.551593323332646e-05,5.551593323332646e-05,1.0,256.37912506951943,-1228.8401965614999,1255.3001571165032,-1.365111797383986,0.0010000000474974513,0,0.0010000000474974513,-0.084808349609375,0.124664306640625,1.992797946215319e-05,0.00012466431256186183,off
1781066751.1396894,2026-06-10T12:45:51.139,87893777983856,,2,cv_100kHz,bias,bias,0.15,16,216,0.15,0.1,100000.0,0.099945068359375,99999.99999990905,0,Rp || Cp,Rp,Cp,5764.232275998851,1.2407564851381715e-09,1.2407564851381715e-09,5764.232275998851,5.5596892106860865e-05,5.5596892106860865e-05,1.0,271.9786382927511,-1222.2011559238986,1252.09745835909,-1.3518323790825078,0.0010000000474974513,0,0.0010000000474974513,-0.084808349609375,0.119964599609375,1.7578125834916136e-05,0.00011996460530738773,off
1781066751.565197,2026-06-10T12:45:51.565,87893804362096,,2,cv_100kHz,bias,bias,0.16,17,217,0.16,0.1,100000.0,0.099945068359375,99999.99999990905,0,Rp || Cp,Rp,Cp,5446.679578039899,1.2401486089135577e-09,1.2401486089135577e-09,5446.679578039899,5.568765827403112e-05,5.568765827403112e-05,1.0,286.4808370126023,-1215.8528095459897,1249.1474390384499,-1.3393956499604314,0.0010000000474974513,0,0.0010000000474974513,-0.084808349609375,0.130950927734375,2.307129015832743e-05,0.0001309509339542103,off
1781066752.1067884,2026-06-10T12:45:52.106,87893833320816,,2,cv_100kHz,bias,bias,0.17,18,218,0.17,0.1,100000.0,0.099945068359375,99999.99999990905,0,Rp || Cp,Rp,Cp,5099.813242843377,1.2396303522736394e-09,1.2396303522736394e-09,5099.813242843377,5.579515579504097e-05,5.579515579504097e-05,1.0,303.95787069771893,-1207.3682069243048,1245.0415150711651,-1.3241690063283538,0.0010000000474974513,0,0.0010000000474974513,-0.0810546875,0.130950927734375,2.494812130215962e-05,0.0001309509339542103,off
1781066752.5263443,2026-06-10T12:45:52.526,87893861706096,,2,cv_100kHz,bias,bias,0.18,19,219,0.18,0.1,100000.0,0.099945068359375,99999.99999990905,0,Rp || Cp,Rp,Cp,4786.69783590357,1.2393379429312978e-09,1.2393379429312978e-09,4786.69783590357,5.5929379096999255e-05,5.5929379096999255e-05,1.0,321.39537747551725,-1197.9681002300683,1240.3316321982074,-1.3086848161852545,0.0010000000474974513,0,0.0010000000474974513,-0.079925537109375,0.130950927734375,2.5512696524288003e-05,0.0001309509339542103,off
1781066752.9483974,2026-06-10T12:45:52.948,87893885790576,,2,cv_100kHz,bias,bias,0.19,20,220,0.19,0.1,100000.0,0.099945068359375,99999.99999990905,0,Rp || Cp,Rp,Cp,4496.76337751606,1.2387857718699383e-09,1.2387857718699383e-09,4496.76337751606,5.6088912060168725e-05,5.6088912060168725e-05,1.0,339.3667106091608,-1187.8055529191988,1235.3346897968038,-1.2925015749117013,0.0010000000474974513,0,0.0010000000474974513,-0.078765869140625,0.113128662109375,1.7181397300447543e-05,0.00011312866748269812,off
1781066753.4181116,2026-06-10T12:45:53.418,87893913028976,,2,cv_100kHz,bias,bias,0.2,21,221,0.2,0.1,100000.0,0.099945068359375,99999.99999990905,0,Rp || Cp,Rp,Cp,4190.894974681608,1.2380311660662143e-09,1.2380311660662143e-09,4190.894974681608,5.6257988587963586e-05,5.6257988587963586e-05,1.0,360.4255373508596,-1174.9889383547318,1229.0262703582198,-1.2731602381443254,0.0010000000474974513,0,0.0010000000474974513,-0.078521728515625,0.113128662109375,1.730346761874557e-05,0.00011312866748269812,off
1781066753.8805523,2026-06-10T12:45:53.880,87893943708016,,2,cv_100kHz,bias,bias,0.21,22,222,0.21,0.1,100000.0,0.099945068359375,99999.99999990905,0,Rp || Cp,Rp,Cp,3984.1697597280413,1.2372494381346763e-09,1.2372494381346763e-09,3984.1697597280413,5.644635775329284e-05,5.644635775329284e-05,1.0,376.1169837205503,-1164.9248590430611,1224.1380284345148,-1.2584939367317516,0.0010000000474974513,0,0.0010000000474974513,-0.075103759765625,0.105316162109375,1.5106201889381055e-05,0.00010531616711162428,off
1781066754.3018148,2026-06-10T12:45:54.301,87893967792496,,2,cv_100kHz,bias,bias,0.22,23,223,0.22,0.1,100000.0,0.099945068359375,99999.99999990905,0,Rp || Cp,Rp,Cp,3760.643869034803,1.2355586009053984e-09,1.2355586009053984e-09,3760.643869034803,5.6632197499518004e-05,5.6632197499518004e-05,1.0,394.8862310839221,-1152.8622417237661,1218.6166271194613,-1.2407945843671202,0.0010000000474974513,0,0.0010000000474974513,-0.074615478515625,0.105316162109375,1.5350342525977112e-05,0.00010531616711162428,off
1781066754.7327263,2026-06-10T12:45:54.732,87893994457456,,2,cv_100kHz,bias,bias,0.23,24,224,0.23,0.1,100000.0,0.099945068359375,99999.99999990905,0,Rp || Cp,Rp,Cp,3561.501876011269,1.2343405779155057e-09,1.2343405779155057e-09,3561.501876011269,5.684536418772828e-05,5.684536418772828e-05,1.0,412.7124029713042,-1139.975644419244,1212.3844264239865,-1.2234393689521639,0.0010000000474974513,0,0.0010000000474974513,-0.072265625,0.1346435546875,3.118896632514634e-05,0.00013464356108272568,off
1781066755.229644,2026-06-10T12:45:55.229,87894023129456,,2,cv_100kHz,bias,bias,0.24,25,225,0.24,0.1,100000.0,0.099945068359375,99999.99999990905,0,Rp || Cp,Rp,Cp,3388.7407707014486,1.233305604399642e-09,1.233305604399642e-09,3388.7407707014486,5.7042075091152846e-05,5.7042075091152846e-05,1.0,429.18858266384456,-1127.0341649229358,1205.9887430621147,-1.2069396187551558,0.0010000000474974513,0,0.0010000000474974513,-0.070648193359375,0.1346435546875,3.199768218387078e-05,0.00013464356108272568,off
1781066755.7761517,2026-06-10T12:45:55.776,87894054668656,,2,cv_100kHz,bias,bias,0.25,26,226,0.25,0.1,100000.0,0.099945068359375,99999.99999990905,0,Rp || Cp,Rp,Cp,3193.465305126176,1.232097778288521e-09,1.232097778288521e-09,3193.465305126176,5.733263342170718e-05,5.733263342170718e-05,1.0,449.0327989900003,-1110.1081973706293,1197.4851416356955,-1.1864212882251046,0.0010000000474974513,0,0.0010000000474974513,-0.070281982421875,0.1346435546875,3.218078766131782e-05,0.00013464356108272568,off
1781066756.2293382,2026-06-10T12:45:56.229,87894084774256,,2,cv_100kHz,bias,bias,0.26,27,227,0.26,0.1,100000.0,0.099945068359375,99999.99999990905,0,Rp || Cp,Rp,Cp,3043.796525689696,1.2311967815245224e-09,1.2311967815245224e-09,3043.796525689696,5.7636474670775527e-05,5.7636474670775527e-05,1.0,465.1072419291866,-1095.1561808994186,1189.8284779988983,-1.1691841323477534,0.0010000000474974513,0,0.0010000000474974513,-0.066070556640625,0.115692138671875,2.4810792194074338e-05,0.00011569214416695672,off
1781066756.663502,2026-06-10T12:45:56.663,87894110579056,,2,cv_100kHz,bias,bias,0.27,28,228,0.27,0.1,100000.0,0.099945068359375,99999.99999990905,0,Rp || Cp,Rp,Cp,2891.836256337915,1.2303545487624237e-09,1.2303545487624237e-09,2891.836256337915,5.795401338925078e-05,5.795401338925078e-05,1.0,482.1598408590465,-1077.8910877306153,1180.8163740168536,-1.150175180330016,0.0010000000474974513,0,0.0010000000474974513,-0.066070556640625,0.121002197265625,2.7465821617056463e-05,0.00012100220301292097,off
1781066757.082603,2026-06-10T12:45:57.082,87894135810416,,2,cv_100kHz,bias,bias,0.28,29,229,0.28,0.1,100000.0,0.099945068359375,99999.99999990905,0,Rp || Cp,Rp,Cp,2747.757654366501,1.2295217579883107e-09,1.2295217579883107e-09,2747.757654366501,5.838445481132826e-05,5.838445481132826e-05,1.0,499.0499170193514,-1059.3476340294853,1171.011626501159,-1.130541608658828,0.0010000000474974513,0,0.0010000000474974513,-0.06512451171875,0.158538818359375,4.670715553878324e-05,0.0001585388258895648,off
1781066757.487533,2026-06-10T12:45:57.487,87894158748016,,2,cv_100kHz,bias,bias,0.29,30,230,0.29,0.1,100000.0,0.099945068359375,99999.99999990905,0,Rp || Cp,Rp,Cp,2601.915878070634,1.228381181786393e-09,1.228381181786393e-09,2601.915878070634,5.88033371990253e-05,5.88033371990253e-05,1.0,516.9861161283721,-1038.209872822919,1159.8079083608975,-1.1087827222733648,0.0010000000474974513,0,0.0010000000474974513,-0.064117431640625,0.158538818359375,4.721069560176261e-05,0.0001585388258895648,off
1781066758.0333354,2026-06-10T12:45:58.033,87894190000496,,2,cv_100kHz,bias,bias,0.3,31,231,0.3,0.1,100000.0,0.099945068359375,99999.99999990905,0,Rp || Cp,Rp,Cp,2487.1485831561304,1.2272679575242311e-09,1.2272679575242311e-09,2487.1485831561304,5.925634546975145e-05,5.925634546975145e-05,1.0,531.6400843330849,-1019.6208624917147,1149.8990749183329,-1.090168120053673,0.0010000000474974513,0,0.0010000000474974513,-0.061065673828125,0.158538818359375,4.873657458048797e-05,0.0001585388258895648,off
1781066758.4660566,2026-06-10T12:45:58.466,87894216092016,,2,cv_100kHz,bias,bias,0.31,32,232,0.31,0.1,100000.0,0.099945068359375,99999.99999990905,0,Rp || Cp,Rp,Cp,2369.0743263655518,1.2263249488303808e-09,1.2263249488303808e-09,2369.0743263655518,5.969260215314542e-05,5.969260215314542e-05,1.0,546.855217110972,-998.2434706098384,1138.2181930968525,-1.069630303295268,0.0010000000474974513,0,0.0010000000474974513,-0.061065673828125,0.14605712890625,4.249572955750125e-05,0.00014605713584359137,off
1781066758.9922514,2026-06-10T12:45:58.992,87894247344496,,2,cv_100kHz,bias,bias,0.32,33,233,0.32,0.1,100000.0,0.099945068359375,99999.99999990905,0,Rp || Cp,Rp,Cp,2281.6311651207834,1.2255431331351593e-09,1.2255431331351593e-09,2281.6311651207834,6.014440180262933e-05,6.014440180262933e-05,1.0,558.2934896517098,-980.8813407777186,1128.636267923984,-1.0533504364058923,0.0010000000474974513,0,0.0010000000474974513,-0.053863525390625,0.14605712890625,4.60968039472931e-05,0.00014605713584359137,off
1781066759.4419482,2026-06-10T12:45:59.441,87894277450096,,2,cv_100kHz,bias,bias,0.33,34,234,0.33,0.1,100000.0,0.099945068359375,99999.99999990905,0,Rp || Cp,Rp,Cp,2185.5148346966334,1.2248061681951466e-09,1.2248061681951466e-09,2185.5148346966334,6.0705894545009365e-05,6.0705894545009365e-05,1.0,570.8096008301244,-960.0464832505012,1116.9211477993874,-1.0343830699224075,0.0010000000474974513,0,0.0010000000474974513,-0.05145263671875,0.14605712890625,4.730224834048613e-05,0.00014605713584359137,off
1781066759.9364808,2026-06-10T12:45:59.936,87894304688496,,2,cv_100kHz,bias,bias,0.34,35,235,0.34,0.1,100000.0,0.099945068359375,99999.99999990905,0,Rp || Cp,Rp,Cp,2085.0786473923245,1.224014382001925e-09,1.224014382001925e-09,2085.0786473923245,6.131729055440509e-05,6.131729055440509e-05,1.0,583.8189290591141,-936.1964756379305,1103.3169911338323,-1.0131991515693375,0.0010000000474974513,0,0.0010000000474974513,-0.05145263671875,0.166748046875,5.7647707816244065e-05,0.00016674805479510724,off
1781066760.4578748,2026-06-10T12:46:00.457,87894333360496,,2,cv_100kHz,bias,bias,0.35000000000000003,36,236,0.35000000000000003,0.1,100000.0,0.099945068359375,99999.99999990905,0,Rp || Cp,Rp,Cp,1979.9296401852612,1.2229451351203895e-09,1.2229451351203895e-09,1979.9296401852612,6.19413194711474e-05,6.19413194711474e-05,1.0,597.338561303395,-908.776631483338,1087.5147459920772,-0.9893066465495804,0.0010000000474974513,0,0.0010000000474974513,-0.044281005859375,0.168975830078125,6.234741507071817e-05,0.00016897583810404626,off
1781066760.880671,2026-06-10T12:46:00.880,87894361745776,,2,cv_100kHz,bias,bias,0.36,37,237,0.36,0.1,100000.0,0.099945068359375,99999.99999990905,0,Rp || Cp,Rp,Cp,1894.7704004447967,1.2218845895908617e-09,1.2218845895908617e-09,1894.7704004447967,6.266813600073353e-05,6.266813600073353e-05,1.0,608.0610278784061,-884.5325452822517,1073.3759999590277,-0.9685512792025699,0.0010000000474974513,0,0.0010000000474974513,-0.042205810546875,0.168975830078125,6.338501277625141e-05,0.00016897583810404626,off
1781066761.3526862,2026-06-10T12:46:01.352,87894388984176,,2,cv_100kHz,bias,bias,0.37,38,238,0.37,0.1,100000.0,0.099945068359375,99999.99999990905,0,Rp || Cp,Rp,Cp,1817.1131688780722,1.2210480367247655e-09,1.2210480367247655e-09,1817.1131688780722,6.335981736687172e-05,6.335981736687172e-05,1.0,617.3264287590446,-860.616095335275,1059.1279352347055,-0.948548749418933,0.0010000000474974513,0,0.0010000000474974513,-0.04046630859375,0.168975830078125,6.425476379412487e-05,0.00016897583810404626,off
1781066761.7833405,2026-06-10T12:46:01.783,87894417942896,,2,cv_100kHz,bias,bias,0.38,39,239,0.38,0.1,100000.0,0.099945068359375,99999.99999990905,0,Rp || Cp,Rp,Cp,1746.4114888425377,1.2202953051030037e-09,1.2202953051030037e-09,1746.4114888425377,6.409726394784503e-05,6.409726394784503e-05,1.0,625.2792938063501,-837.2698174279249,1044.985618292787,-0.9293416164082436,0.0010000000474974513,0,0.0010000000474974513,-0.036102294921875,0.20269775390625,8.329773344861735e-05,0.0002026977635338767,off
1781066762.2663596,2026-06-10T12:46:02.266,87894442027376,,2,cv_100kHz,bias,bias,0.39,40,240,0.39,0.1,100000.0,0.099945068359375,99999.99999990905,0,Rp || Cp,Rp,Cp,1679.3626161241586,1.2195519109340255e-09,1.2195519109340255e-09,1679.3626161241586,6.482464637591613e-05,6.482464637591613e-05,1.0,632.300173312612,-813.669321075133,1030.466531834017,-0.9101773331376727,0.0010000000474974513,0,0.0010000000474974513,-0.033233642578125,0.20269775390625,8.473205968861919e-05,0.0002026977635338767,off
1781066762.697539,2026-06-10T12:46:02.697,87894470125936,,2,cv_100kHz,bias,bias,0.4,41,241,0.4,0.1,100000.0,0.099945068359375,99999.99999990905,0,Rp || Cp,Rp,Cp,1608.7394050797595,1.2187371439110594e-09,1.2187371439110594e-09,1608.7394050797595,6.559656153588824e-05,6.559656153588824e-05,1.0,639.0026200614662,-787.1876182948206,1013.8977733687409,-0.8889293509102999,0.0010000000474974513,0,0.0010000000474974513,-0.0281982421875,0.20269775390625,8.724976000351603e-05,0.0002026977635338767,off
1781066763.1894896,2026-06-10T12:46:03.189,87894500518256,,2,cv_100kHz,bias,bias,0.41000000000000003,42,242,0.41000000000000003,0.1,100000.0,0.099945068359375,99999.99999990905,0,Rp || Cp,Rp,Cp,1545.6604144293851,1.2186224784508803e-09,1.2186224784508803e-09,1545.6604144293851,6.67720955511637e-05,6.67720955511637e-05,1.0,643.8536944809208,-761.991855826911,997.5866720457279,-0.8692347205705637,0.0010000000474974513,0,0.0010000000474974513,-0.026336669921875,0.18695068359375,8.030701065031565e-05,0.000186950692473431,off
1781066763.660455,2026-06-10T12:46:03.660,87894525176176,,2,cv_100kHz,bias,bias,0.42,43,243,0.42,0.1,100000.0,0.099945068359375,99999.99999990905,0,Rp || Cp,Rp,Cp,1468.1625245835132,1.217562656435128e-09,1.217562656435128e-09,1468.1625245835132,6.770506734340072e-05,6.770506734340072e-05,1.0,649.1957253305281,-729.1568728762437,976.2811250096424,-0.8433453300261362,0.0010000000474974513,0,0.0010000000474974513,-0.02178955078125,0.1929931640625,8.560181070649264e-05,0.0001929931732291834,off
1781066764.1463196,2026-06-10T12:46:04.146,87894556428656,,2,cv_100kHz,bias,bias,0.43,44,244,0.43,0.1,100000.0,0.099945068359375,99999.99999990905,0,Rp || Cp,Rp,Cp,1406.1510061908748,1.216155162569806e-09,1.216155162569806e-09,1406.1510061908748,6.887919460251443e-05,6.887919460251443e-05,1.0,652.6514963406614,-701.2649874303555,957.9804581886841,-0.8212885720891656,0.0010000000474974513,0,0.0010000000474974513,-0.019256591796875,0.227020263671875,0.00010388184087162244,0.00022702027445475892,off
1781066764.5741284,2026-06-10T12:46:04.574,87894583667056,,2,cv_100kHz,bias,bias,0.44,45,245,0.44,0.1,100000.0,0.099945068359375,99999.99999990905,0,Rp || Cp,Rp,Cp,1358.1699423684186,1.2148428374264938e-09,1.2148428374264938e-09,1358.1699423684186,6.983514103486884e-05,6.983514103486884e-05,1.0,654.6180484449825,-678.6440656042982,942.9117440831079,-0.8034166885593469,0.0010000000474974513,0,0.0010000000474974513,-0.0130615234375,0.227020263671875,0.00010697937519843492,0.00022702027445475892,off
1781066764.9975505,2026-06-10T12:46:04.997,87894610618736,,2,cv_100kHz,bias,bias,0.45,46,246,0.45,0.1,100000.0,0.099945068359375,99999.99999990905,0,Rp || Cp,Rp,Cp,1318.4182484409723,1.2136136368585572e-09,1.2136136368585572e-09,1318.4182484409723,7.131747530995561e-05,7.131747530995561e-05,1.0,655.697497344252,-659.1997708830172,929.7760730174432,-0.7880616910670512,0.0010000000474974513,0,0.0010000000474974513,-0.00885009765625,0.24761962890625,0.00011938477129547209,0.00024761964066755127,off
1781066765.4739678,2026-06-10T12:46:05.473,87894635850096,,2,cv_100kHz,bias,bias,0.46,47,247,0.46,0.1,100000.0,0.099945068359375,99999.99999990905,0,Rp || Cp,Rp,Cp,1261.5502972657403,1.211594152725558e-09,1.211594152725558e-09,1261.5502972657403,7.16676366602908e-05,7.16676366602908e-05,1.0,656.2633085732842,-630.259979560555,909.8951434177594,-0.7651888216120009,0.0010000000474974513,0,0.0010000000474974513,-0.004058837890625,0.24761962890625,0.0001217804012920709,0.00024761964066755127,off
1781066766.0185227,2026-06-10T12:46:06.018,87894666242416,,2,cv_100kHz,bias,bias,0.47000000000000003,48,248,0.47000000000000003,0.1,100000.0,0.099945068359375,99999.99999990905,0,Rp || Cp,Rp,Cp,1224.9806158700221,1.2107453794209461e-09,1.2107453794209461e-09,1224.9806158700221,7.28029787670206e-05,7.28029787670206e-05,1.0,655.6280121262168,-610.9693247548822,896.1761021562735,-0.7501539752337038,0.0010000000474974513,0,0.0010000000474974513,0.001861572265625,0.24761962890625,0.0001247406065107981,0.00024761964066755127,off
1781066766.4553866,2026-06-10T12:46:06.455,87894696634736,,2,cv_100kHz,bias,bias,0.48,49,249,0.48,0.1,100000.0,0.099945068359375,99999.99999990905,0,Rp || Cp,Rp,Cp,1200.7440271936653,1.2101314636799937e-09,1.2101314636799937e-09,1200.7440271936653,7.404020316312669e-05,7.404020316312669e-05,1.0,654.8779676174615,-597.892679070932,886.7585963256254,-0.7399420900256051,0.0010000000474974513,0,0.0010000000474974513,0.00555419921875,0.236358642578125,0.00012095642664355921,0.00023635865380455812,off
1781066766.8250089,2026-06-10T12:46:06.825,87894721005936,,2,cv_100kHz,bias,bias,0.49,50,250,0.49,0.1,100000.0,0.099945068359375,99999.99999990905,0,Rp || Cp,Rp,Cp,1147.738363532813,1.2076969439125036e-09,1.2076969439125036e-09,1147.738363532813,7.52598917622303e-05,7.52598917622303e-05,1.0,652.6765183804501,-568.4322663933195,865.5067181265965,-0.7165173423811874,0.0010000000474974513,0,0.0010000000474974513,0.009674072265625,0.2491455078125,0.0001294097961856977,0.0002491455196462766,off
1781066767.287052,2026-06-10T12:46:07.287,87894746237296,,2,cv_100kHz,bias,bias,0.5,51,251,0.5,0.1,100000.0,0.099945068359375,99999.99999990905,0,Rp || Cp,Rp,Cp,1104.8956029151575,1.206620562915999e-09,1.206620562915999e-09,1104.8956029151575,7.64474795189785e-05,7.64474795189785e-05,1.0,649.2941122886277,-543.8927885288866,846.9959915291248,-0.6972908913871259,0.0010000000474974513,0,0.0010000000474974513,0.011993408203125,0.2559814453125,0.00013398743312187378,0.00025598145747096623,off
1781066767.7270832,2026-06-10T12:46:07.727,87894771468656,,2,cv_100kHz,bias,bias,0.48,52,252,0.48,0.1,100000.0,0.099945068359375,99999.99999990905,0,Rp || Cp,Rp,Cp,1202.2476089849622,1.2098877090325194e-09,1.2098877090325194e-09,1202.2476089849622,7.361442829803249e-05,7.361442829803249e-05,1.0,655.0719882308106,-598.6981057251227,887.4450583351722,-0.7404649350962129,0.0010000000474974513,0,0.0010000000474974513,-0.010711669921875,0.2559814453125,0.0001226348935201571,0.00025598145747096623,off
1781066768.1832263,2026-06-10T12:46:08.183,87894800427376,,2,cv_100kHz,bias,bias,0.46,53,253,0.46,0.1,100000.0,0.099945068359375,99999.99999990905,0,Rp || Cp,Rp,Cp,1302.0044005949155,1.2130332577652334e-09,1.2130332577652334e-09,1302.0044005949155,7.128361394543609e-05,7.128361394543609e-05,1.0,656.0011841084844,-650.9830066545427,924.184196199395,-0.7815586733480754,0.0010000000474974513,0,0.0010000000474974513,-0.010711669921875,0.2559814453125,0.0001226348935201571,0.00025598145747096623,off
1781066768.6830604,2026-06-10T12:46:08.683,87894831679856,,2,cv_100kHz,bias,bias,0.44,54,254,0.44,0.1,100000.0,0.099945068359375,99999.99999990905,0,Rp || Cp,Rp,Cp,1400.2365763277903,1.2161047466886161e-09,1.2161047466886161e-09,1400.2365763277903,6.910883225532964e-05,6.910883225532964e-05,1.0,652.8719408537088,-698.5222974876236,956.1250813787267,-0.8191655151614464,0.0010000000474974513,0,0.0010000000474974513,-0.010711669921875,0.255645751953125,0.00012246704683249732,0.00025564576409564665,off
1781066769.16491,2026-06-10T12:46:09.164,87894858918256,,2,cv_100kHz,bias,bias,0.42,55,255,0.42,0.1,100000.0,0.099945068359375,99999.99999990905,0,Rp || Cp,Rp,Cp,1517.8943485080717,1.2185700774609919e-09,1.2185700774609919e-09,1517.8943485080717,6.712360356471793e-05,6.712360356471793e-05,1.0,645.7330092071204,-750.4554391440678,990.0275174562566,-0.8602639199819397,0.0010000000474974513,0,0.0010000000474974513,-0.009521484375,0.23602294921875,0.00011325073780099615,0.00023602296042923854,off
1781066769.6326287,2026-06-10T12:46:09.632,87894885869936,,2,cv_100kHz,bias,bias,0.4,56,256,0.4,0.1,100000.0,0.099945068359375,99999.99999990905,0,Rp || Cp,Rp,Cp,1651.297334671249,1.2197634879478217e-09,1.2197634879478217e-09,1651.297334671249,6.521138336805504e-05,6.521138336805504e-05,1.0,634.7170169900295,-803.2688384155084,1023.7707352850646,-0.9020795664640877,0.0010000000474974513,0,0.0010000000474974513,-0.087066650390625,0.220428466796875,6.668091137029819e-05,0.00022042847726666537,off
1781066770.037504,2026-06-10T12:46:10.037,87894911961456,,2,cv_100kHz,bias,bias,0.38,57,257,0.38,0.1,100000.0,0.099945068359375,99999.99999990905,0,Rp || Cp,Rp,Cp,1803.3923597149412,1.22117508671859e-09,1.22117508671859e-09,1803.3923597149412,6.364441812245268e-05,6.364441812245268e-05,1.0,618.7275265699612,-856.14528091102,1056.3183678047028,-0.9450040125815737,0.0010000000474974513,0,0.0010000000474974513,-0.087066650390625,0.205657958984375,5.929565711326745e-05,0.0002056579687526039,off
1781066770.4929955,2026-06-10T12:46:10.492,87894939199856,,2,cv_100kHz,bias,bias,0.36,58,258,0.36,0.1,100000.0,0.099945068359375,99999.99999990905,0,Rp || Cp,Rp,Cp,1960.3968668035666,1.2227113619370424e-09,1.2227113619370424e-09,1960.3968668035666,6.218525978240083e-05,6.218525978240083e-05,1.0,599.8262384591233,-903.3858323871441,1084.3880663774542,-0.9846590161866542,0.0010000000474974513,0,0.0010000000474974513,-0.087066650390625,0.188385009765625,5.065918209368192e-05,0.00018838501871343283,off
1781066770.942931,2026-06-10T12:46:10.942,87894967298416,,2,cv_100kHz,bias,bias,0.33999999999999997,59,259,0.33999999999999997,0.1,100000.0,0.099945068359375,99999.99999990905,0,Rp || Cp,Rp,Cp,2148.5089785812816,1.2246030464318464e-09,1.2246030464318464e-09,2148.5089785812816,6.087905637287713e-05,6.087905637287713e-05,1.0,575.559299723392,-951.4861090229227,1112.0226270906824,-1.0267775544010125,0.0010000000474974513,0,0.0010000000474974513,-0.1014404296875,0.177459716796875,3.8009645360048694e-05,0.00017745972522575926,off
1781066771.394326,2026-06-10T12:46:11.394,87894994536816,,2,cv_100kHz,bias,bias,0.32,60,260,0.32,0.1,100000.0,0.099945068359375,99999.99999990905,0,Rp || Cp,Rp,Cp,2358.390045957566,1.22618647683126e-09,1.22618647683126e-09,2358.390045957566,5.9785500004457676e-05,5.9785500004457676e-05,1.0,548.2785729738565,-996.2155064699172,1137.1256434156087,-1.067675682453693,0.0010000000474974513,0,0.0010000000474974513,-0.103271484375,0.164093017578125,3.0410768045996406e-05,0.0001640930253721251,off
1781066771.857502,2026-06-10T12:46:11.857,87895021775216,,2,cv_100kHz,bias,bias,0.3,61,261,0.3,0.1,100000.0,0.099945068359375,99999.99999990905,0,Rp || Cp,Rp,Cp,2584.3714045989996,1.2278622044440752e-09,1.2278622044440752e-09,2584.3714045989996,5.88924716778009e-05,5.88924716778009e-05,1.0,519.4413246024635,-1035.668873706684,1158.632515368714,-1.1059082516020673,0.0010000000474974513,0,0.0010000000474974513,-0.103271484375,0.1552734375,2.6000977797480118e-05,0.00015527344487509254,off
1781066772.2922966,2026-06-10T12:46:12.292,87895047580016,,2,cv_100kHz,bias,bias,0.28,62,262,0.28,0.1,100000.0,0.099945068359375,99999.99999990905,0,Rp || Cp,Rp,Cp,2831.560738717246,1.2297644301046425e-09,1.2297644301046425e-09,2831.560738717246,5.808739096518715e-05,5.808739096518715e-05,1.0,489.3043502648452,-1070.5495039022646,1177.0705108418474,-1.142087613580742,0.0010000000474974513,0,0.0010000000474974513,-0.103271484375,0.142730712890625,1.9729615194918892e-05,0.00014273071966997009,off
1781066772.7512167,2026-06-10T12:46:12.751,87895075965296,,2,cv_100kHz,bias,bias,0.26,63,263,0.26,0.1,100000.0,0.099945068359375,99999.99999990905,0,Rp || Cp,Rp,Cp,3134.412729274477,1.2313438995291394e-09,1.2313438995291394e-09,3134.412729274477,5.7440094526701325e-05,5.7440094526701325e-05,1.0,455.53528101974314,-1104.682393816509,1194.9207435900964,-1.1796738588244526,0.0010000000474974513,0,0.0010000000474974513,-0.074005126953125,0.1337890625,2.9891969193229784e-05,0.00013378906885463948,off
1781066773.2543728,2026-06-10T12:46:13.254,87895101770096,,2,cv_100kHz,bias,bias,0.24,64,264,0.24,0.1,100000.0,0.099945068359375,99999.99999990905,0,Rp || Cp,Rp,Cp,3491.2945912114246,1.2335590621475377e-09,1.2335590621475377e-09,3491.2945912114246,5.688448262239113e-05,5.688448262239113e-05,1.0,419.50644381160197,-1135.1805679531026,1210.2150958642787,-1.2168119184544528,0.0010000000474974513,0,0.0010000000474974513,-0.0660400390625,0.127471923828125,3.071594384174148e-05,0.0001274719298827165,off
1781066773.7624753,2026-06-10T12:46:13.762,87895136176496,,2,cv_100kHz,bias,bias,0.21999999999999997,65,265,0.21999999999999997,0.1,100000.0,0.099945068359375,99999.99999990905,0,Rp || Cp,Rp,Cp,3873.7935761459853,1.2356649989573438e-09,1.2356649989573438e-09,3873.7935761459853,5.64654431003337e-05,5.64654431003337e-05,1.0,385.62348698367634,-1159.7932199210904,1222.2216602107737,-1.2498019835323617,0.0010000000474974513,0,0.0010000000474974513,-0.069732666015625,0.120697021484375,2.5482178944713496e-05,0.0001206970272171759,off
1781066774.1866276,2026-06-10T12:46:14.186,87895160834416,,2,cv_100kHz,bias,bias,0.2,66,266,0.2,0.1,100000.0,0.099945068359375,99999.99999990905,0,Rp || Cp,Rp,Cp,4364.567501472678,1.2381926421825326e-09,1.2381926421825326e-09,4364.567501472678,5.61628803444738e-05,5.61628803444738e-05,1.0,348.33730932329553,-1182.7944955723704,1233.0213703836976,-1.284389641736653,0.0010000000474974513,0,0.0010000000474974513,-0.149688720703125,0.114959716796875,-1.7364502777894586e-05,0.00014968872781295772,off
1781066774.5574574,2026-06-10T12:46:14.557,87895184918896,,2,cv_100kHz,bias,bias,0.18,67,267,0.18,0.1,100000.0,0.099945068359375,99999.99999990905,0,Rp || Cp,Rp,Cp,4942.226108004238,1.2392737510835575e-09,1.2392737510835575e-09,4942.226108004238,5.5874658292141786e-05,5.5874658292141786e-05,1.0,312.6117895253193,-1203.0261912825242,1242.9795444261981,-1.3165645444159746,0.0010000000474974513,0,0.0010000000474974513,-0.149688720703125,0.109039306640625,-2.0324707996621783e-05,0.00014968872781295772,off
1781066775.0589075,2026-06-10T12:46:15.058,87895211297136,,2,cv_100kHz,bias,bias,0.15999999999999998,68,268,0.15999999999999998,0.1,100000.0,0.099945068359375,99999.99999990905,0,Rp || Cp,Rp,Cp,5556.560579375006,1.239942523716976e-09,1.239942523716976e-09,5556.560579375006,5.563342008779585e-05,5.563342008779585e-05,1.0,281.4840630086832,-1218.5442012945132,1250.6331389485724,-1.3437781140656715,0.0010000000474974513,0,0.0010000000474974513,-0.1673583984375,0.1060791015625,-3.063964989280521e-05,0.00016735840638659738,off
1781066775.5126708,2026-06-10T12:46:15.512,87895240255856,,2,cv_100kHz,bias,bias,0.14,69,269,0.14,0.1,100000.0,0.099945068359375,99999.99999990905,0,Rp || Cp,Rp,Cp,6298.136372437012,1.2408769004742566e-09,1.2408769004742566e-09,6298.136372437012,5.547464192825221e-05,5.547464192825221e-05,1.0,250.7974144115768,-1231.5262785434902,1256.8040093104057,-1.369895898244737,0.0010000000474974513,0,0.0010000000474974513,-0.1673583984375,0.098876953125,-3.424072428259706e-05,0.00016735840638659738,off
1781066776.0582495,2026-06-10T12:46:16.058,87895271508336,,2,cv_100kHz,bias,bias,0.12,70,270,0.12,0.1,100000.0,0.099945068359375,99999.99999990905,0,Rp || Cp,Rp,Cp,7141.810439848936,1.2420889182340246e-09,1.2420889182340246e-09,7141.810439848936,5.53800651827719e-05,5.53800651827719e-05,1.0,222.72399505070118,-1241.3889701002727,1261.2107488671195,-1.3932699365335202,0.0010000000474974513,0,0.0010000000474974513,-0.1673583984375,0.095001220703125,-3.617859058557826e-05,0.00016735840638659738,off
1781066776.4622154,2026-06-10T12:46:16.462,87895299320176,,2,cv_100kHz,bias,bias,0.09999999999999998,71,271,0.09999999999999998,0.1,100000.0,0.099945068359375,99999.99999990905,0,Rp || Cp,Rp,Cp,8145.691576916169,1.2425948202910339e-09,1.2425948202910339e-09,8145.691576916169,5.529781515649097e-05,5.529781515649097e-05,1.0,196.53783053027323,-1249.9237704221316,1265.2812140768642,-1.4148334679554344,0.0010000000474974513,0,0.0010000000474974513,-0.11883544921875,0.095001220703125,-1.1917114823845054e-05,0.00011883545486313096,off
1781066776.9272344,2026-06-10T12:46:16.927,87895324551536,,2,cv_100kHz,bias,bias,0.08000000000000002,72,272,0.08000000000000002,0.1,100000.0,0.099945068359375,99999.99999990905,0,Rp || Cp,Rp,Cp,9153.125112121957,1.243793089388346e-09,1.243793089388346e-09,9153.125112121957,5.5284184803632596e-05,5.5284184803632596e-05,1.0,175.4562208612446,-1255.0648811133888,1267.2697981263004,-1.4318979914473675,0.0010000000474974513,0,0.0010000000474974513,-0.17791748046875,0.090728759765625,-4.359436242218351e-05,0.00017791748891937686,off
1781066777.3794076,2026-06-10T12:46:17.379,87895350643056,,2,cv_100kHz,bias,bias,0.06,73,273,0.06,0.1,100000.0,0.099945068359375,99999.99999990905,0,Rp || Cp,Rp,Cp,10041.324476658961,1.2442592687845034e-09,1.2442592687845034e-09,10041.324476658961,5.5265719065536864e-05,5.5265719065536864e-05,1.0,160.33812157685654,-1258.6893149226362,1268.8605536981634,-1.4440937311226376,0.0010000000474974513,0,0.0010000000474974513,-0.17791748046875,0.087493896484375,-4.521179413963239e-05,0.00017791748891937686,off
1781066777.7990425,2026-06-10T12:46:17.799,87895378741616,,2,cv_100kHz,bias,bias,0.03999999999999998,74,274,0.03999999999999998,0.1,100000.0,0.099945068359375,99999.99999990905,0,Rp || Cp,Rp,Cp,10923.686984210573,1.2448980878580872e-09,1.2448980878580872e-09,10923.686984210573,5.5267507831490806e-05,5.5267507831490806e-05,1.0,147.60298403550414,-1261.1828394975457,1269.7908471631372,-1.4542909757955393,0.0010000000474974513,0,0.0010000000474974513,-0.17791748046875,0.08416748046875,-4.687500222644303e-05,0.00017791748891937686,off
1781066778.2248566,2026-06-10T12:46:18.224,87895401105776,,2,cv_100kHz,bias,bias,0.020000000000000018,75,275,0.020000000000000018,0.1,100000.0,0.099945068359375,99999.99999990905,0,Rp || Cp,Rp,Cp,11593.64175168541,1.245102176126593e-09,1.245102176126593e-09,11593.64175168541,5.526476370467229e-05,5.526476370467229e-05,1.0,139.23965888444286,-1262.8962903290417,1270.5489847829995,-1.4609856157279546,0.0010000000474974513,0,0.0010000000474974513,-0.17791748046875,0.083465576171875,-4.722595439154986e-05,0.00017791748891937686,off
1781066778.6838174,2026-06-10T12:46:18.683,87895431498096,,2,cv_100kHz,bias,bias,0.0,76,276,0.0,0.1,100000.0,0.099945068359375,99999.99999990905,0,Rp || Cp,Rp,Cp,11798.07798129888,1.2451194688732308e-09,1.2451194688732308e-09,11798.07798129888,5.526152567609803e-05,5.526152567609803e-05,1.0,136.87964580795492,-1263.4004503158574,1270.7937422315324,-1.462875026028475,0.0010000000474974513,0,0.0010000000474974513,-0.092529296875,0.081787109375,-5.371094005113264e-06,9.252930126990577e-05,off
1781066779.159667,2026-06-10T12:46:19.159,87895455295856,,2,cv_100kHz,bias,bias,-0.020000000000000018,77,277,-0.020000000000000018,0.1,100000.0,0.099945068359375,99999.99999990905,0,Rp || Cp,Rp,Cp,11569.47276735448,1.245248369703368e-09,1.245248369703368e-09,11569.47276735448,5.527019999314312e-05,5.527019999314312e-05,1.0,139.491162860438,-1262.6881742870205,1270.3697139023925,-1.4607708777658233,0.0010000000474974513,0,0.0010000000474974513,-0.093536376953125,0.0816650390625,-5.935669227241647e-06,9.353638139586451e-05,off
1781066779.5482788,2026-06-10T12:46:19.548,87895485688176,,2,cv_100kHz,bias,bias,-0.040000000000000036,78,278,-0.040000000000000036,0.1,100000.0,0.099945068359375,99999.99999990905,0,Rp || Cp,Rp,Cp,10996.272623575787,1.2452493313159818e-09,1.2452493313159818e-09,10996.272623575787,5.527966262946032e-05,5.527966262946032e-05,1.0,146.57312314566963,-1261.0607998705113,1269.5503225153107,-1.4550855038638653,0.0010000000474974513,0,0.0010000000474974513,-0.19366455078125,0.0816650390625,-5.599975851922068e-05,0.00019366455997982257,off
1781066780.010947,2026-06-10T12:46:20.010,87895510059376,,2,cv_100kHz,bias,bias,-0.06000000000000005,79,279,-0.06000000000000005,0.1,100000.0,0.099945068359375,99999.99999990905,0,Rp || Cp,Rp,Cp,10110.287201495952,1.244883498925339e-09,1.244883498925339e-09,10110.287201495952,5.52872832737003e-05,5.52872832737003e-05,1.0,159.12184294461093,-1258.3512114267858,1268.37200071641,-1.4450112892136715,0.0010000000474974513,0,0.0010000000474974513,-0.19366455078125,0.0810546875,-5.630493431496575e-05,0.00019366455997982257,off
1781066780.44244,2026-06-10T12:46:20.442,87895537297776,,2,cv_100kHz,bias,bias,-0.07999999999999996,80,280,-0.07999999999999996,0.1,100000.0,0.099945068359375,99999.99999990905,0,Rp || Cp,Rp,Cp,9175.481055966202,1.244484882003399e-09,1.244484882003399e-09,9175.481055966202,5.5309846371014e-05,5.5309846371014e-05,1.0,174.854206284723,-1254.510846452123,1266.6378556325728,-1.4323081397583606,0.0010000000474974513,0,0.0010000000474974513,-0.19366455078125,0.079498291015625,-5.708313259411568e-05,0.00019366455997982257,off
1781066780.9387193,2026-06-10T12:46:20.938,87895560808816,,2,cv_100kHz,bias,bias,-0.09999999999999998,81,281,-0.09999999999999998,0.1,100000.0,0.099945068359375,99999.99999990905,0,Rp || Cp,Rp,Cp,8194.784610368995,1.243454765472766e-09,1.243454765472766e-09,8194.784610368995,5.532915822264215e-05,5.532915822264215e-05,1.0,195.15297838547653,-1249.460659231916,1264.6092771844499,-1.415858375780524,0.0010000000474974513,0,0.0010000000474974513,-0.095916748046875,0.0765380859375,-9.68933151490603e-06,9.591675260267607e-05,off
1781066781.4167805,2026-06-10T12:46:21.416,87895594068336,,2,cv_100kHz,bias,bias,-0.12,82,282,-0.12,0.1,100000.0,0.099945068359375,99999.99999990905,0,Rp || Cp,Rp,Cp,7303.801871638861,1.243214020590515e-09,1.243214020590515e-09,7303.801871638861,5.54106488368105e-05,5.54106488368105e-05,1.0,217.6997372750714,-1242.0316312217333,1260.9661964402355,-1.3972817797999828,0.0010000000474974513,0,0.0010000000474974513,-0.09747314453125,0.075958251953125,-1.0757446800013781e-05,9.747314916097594e-05,off
1781066781.8370621,2026-06-10T12:46:21.837,87895621020016,,2,cv_100kHz,bias,bias,-0.14,83,283,-0.14,0.1,100000.0,0.099945068359375,99999.99999990905,0,Rp || Cp,Rp,Cp,6441.4525491354,1.242115618869575e-09,1.242115618869575e-09,6441.4525491354,5.549758500720598e-05,5.549758500720598e-05,1.0,245.17677723071108,-1232.5513882140283,1256.6998753407936,-1.3744412739083183,0.0010000000474974513,0,0.0010000000474974513,-0.184814453125,0.075958251953125,-5.442810317113356e-05,0.0001848144619032155,off
1781066782.2988129,2026-06-10T12:46:22.298,87895646824816,,2,cv_100kHz,bias,bias,-0.16000000000000003,84,284,-0.16000000000000003,0.1,100000.0,0.099945068359375,99999.99999990905,0,Rp || Cp,Rp,Cp,5682.1052725291165,1.2414139911451256e-09,1.2414139911451256e-09,5682.1052725291165,5.56537054386433e-05,5.56537054386433e-05,1.0,275.25353271397483,-1219.9405896373885,1250.6076721003842,-1.348883619117597,0.0010000000474974513,0,0.0010000000474974513,-0.184814453125,0.07318115234375,-5.5816653041773634e-05,0.0001848144619032155,off
1781066782.7350023,2026-06-10T12:46:22.735,87895671196016,,2,cv_100kHz,bias,bias,-0.18000000000000005,85,285,-0.18000000000000005,0.1,100000.0,0.099945068359375,99999.99999990905,0,Rp || Cp,Rp,Cp,5012.26418890942,1.2408357121699995e-09,1.2408357121699995e-09,5012.26418890942,5.588122238838557e-05,5.588122238838557e-05,1.0,308.05643168384734,-1203.8112209106478,1242.602197282851,-1.3202715884439022,0.0010000000474974513,0,0.0010000000474974513,-0.184814453125,0.07220458984375,-5.630493431496575e-05,0.0001848144619032155,off
1781066783.239381,2026-06-10T12:46:23.239,87895704168816,,2,cv_100kHz,bias,bias,-0.20000000000000007,86,286,-0.20000000000000007,0.1,100000.0,0.099945068359375,99999.99999990905,0,Rp || Cp,Rp,Cp,4464.229591002043,1.2400340455764254e-09,1.2400340455764254e-09,4464.229591002043,5.616022614753351e-05,5.616022614753351e-05,1.0,340.82826789610243,-1185.4837539142807,1233.5054272242794,-1.2908451885852912,0.0010000000474974513,0,0.0010000000474974513,-0.148895263671875,0.069671630859375,-3.961181828771032e-05,0.00014889527074402054,off
1781066783.6274047,2026-06-10T12:46:23.627,87895728253296,,2,cv_100kHz,bias,bias,-0.21999999999999997,87,287,-0.21999999999999997,0.1,100000.0,0.099945068359375,99999.99999990905,0,Rp || Cp,Rp,Cp,3998.627587876358,1.2376910181651871e-09,1.2376910181651871e-09,3998.627587876358,5.646323763329764e-05,5.646323763329764e-05,1.0,374.7701346324209,-1165.3812876655143,1224.15938482427,-1.259655499898218,0.0010000000474974513,0,0.0010000000474974513,-0.180328369140625,0.06793212890625,-5.6198122786454974e-05,0.00018032837770576293,off
1781066784.1528063,2026-06-10T12:46:24.152,87895752624496,,2,cv_100kHz,bias,bias,-0.24,88,288,-0.24,0.1,100000.0,0.099945068359375,99999.99999990905,0,Rp || Cp,Rp,Cp,3575.3480610104552,1.2356485469000754e-09,1.2356485469000754e-09,3575.3480610104552,5.68779639005312e-05,5.68779639005312e-05,1.0,410.7120539650036,-1140.0676096202562,1211.7914613403566,-1.2250173522021188,0.0010000000474974513,0,0.0010000000474974513,-0.180328369140625,0.06646728515625,-5.6930544696243146e-05,0.00018032837770576293,off
1781066784.5772464,2026-06-10T12:46:24.577,87895785597296,,2,cv_100kHz,bias,bias,-0.26,89,289,-0.26,0.1,100000.0,0.099945068359375,99999.99999990905,0,Rp || Cp,Rp,Cp,3198.596634926273,1.2337292453367528e-09,1.2337292453367528e-09,3198.596634926273,5.740114436564536e-05,5.740114436564536e-05,1.0,447.4950351039074,-1109.551398983808,1196.3929594533615,-1.187438320157724,0.0010000000474974513,0,0.0010000000474974513,-0.180328369140625,0.06298828125,-5.8670046731990055e-05,0.00018032837770576293,off
1781066785.0124626,2026-06-10T12:46:25.012,87895810828656,,2,cv_100kHz,bias,bias,-0.28,90,290,-0.28,0.1,100000.0,0.099945068359375,99999.99999990905,0,Rp || Cp,Rp,Cp,2892.9328050203735,1.2322511537065756e-09,1.2322511537065756e-09,2892.9328050203735,5.8064689823362506e-05,5.8064689823362506e-05,1.0,480.8017169127301,-1076.9200381554458,1179.3757075533463,-1.1508901666717608,0.0010000000474974513,0,0.0010000000474974513,-0.180328369140625,0.059173583984375,-6.0577395455396754e-05,0.00018032837770576293,off
1781066785.4989088,2026-06-10T12:46:25.498,87895835199856,,2,cv_100kHz,bias,bias,-0.30000000000000004,91,291,-0.30000000000000004,0.1,100000.0,0.099945068359375,99999.99999990905,0,Rp || Cp,Rp,Cp,2634.9676473169925,1.230667706861444e-09,1.230667706861444e-09,2634.9676473169925,5.877680655159848e-05,5.877680655159848e-05,1.0,511.50767854348743,-1042.192918373255,1160.9505520547848,-1.1145362366955667,0.0010000000474974513,0,0.0010000000474974513,-0.171966552734375,0.054473876953125,-5.874634068092632e-05,0.00017196656090234796,off
1781066786.014527,2026-06-10T12:46:26.014,87895869892976,,2,cv_100kHz,bias,bias,-0.32000000000000006,92,292,-0.32000000000000006,0.1,100000.0,0.099945068359375,99999.99999990905,0,Rp || Cp,Rp,Cp,2376.8302257080036,1.2287540724976126e-09,1.2287540724976126e-09,2376.8302257080036,5.9783587813851766e-05,5.9783587813851766e-05,1.0,544.2292822429775,-998.6766724519877,1137.3392667759613,-1.071838209427632,0.0010000000474974513,0,0.0010000000474974513,-0.171966552734375,0.0504150390625,-6.077575972263105e-05,0.00017196656090234796,off
1781066786.5459216,2026-06-10T12:46:26.545,87895901145456,,2,cv_100kHz,bias,bias,-0.33999999999999997,93,293,-0.33999999999999997,0.1,100000.0,0.099945068359375,99999.99999990905,0,Rp || Cp,Rp,Cp,2145.899675670557,1.2268388287316263e-09,1.2268388287316263e-09,2145.899675670557,6.066764681996719e-05,6.066764681996719e-05,1.0,574.3479637558306,-950.061853604918,1110.177062069687,-1.0270471490328523,0.0010000000474974513,0,0.0010000000474974513,-0.157989501953125,0.04461669921875,-5.668640405964709e-05,0.00015798950945722368,off
1781066787.0079312,2026-06-10T12:46:27.007,87895928383856,,2,cv_100kHz,bias,bias,-0.36,94,294,-0.36,0.1,100000.0,0.099945068359375,99999.99999990905,0,Rp || Cp,Rp,Cp,2006.7458403500843,1.2257483250220782e-09,1.2257483250220782e-09,2006.7458403500843,6.213636475341697e-05,6.213636475341697e-05,1.0,592.2014671616403,-915.2569328704587,1090.1366111069929,-0.9965096776200344,0.0010000000474974513,0,0.0010000000474974513,-0.228912353515625,0.039581298828125,-9.466553184012128e-05,0.00022891236438837836,off
1781066787.5409172,2026-06-10T12:46:27.540,87895959062896,,2,cv_100kHz,bias,bias,-0.38,95,295,-0.38,0.1,100000.0,0.099945068359375,99999.99999990905,0,Rp || Cp,Rp,Cp,1838.6034443321778,1.2240634528954337e-09,1.2240634528954337e-09,1838.6034443321778,6.30584377035843e-05,6.30584377035843e-05,1.0,612.9489674767351,-866.754663138181,1061.5884714909903,-0.9552698032380492,0.0010000000474974513,0,0.0010000000474974513,-0.228912353515625,0.032958984375,-9.79766892239553e-05,0.00022891236438837836,off
1781066787.9612586,2026-06-10T12:46:27.961,87895988595056,,2,cv_100kHz,bias,bias,-0.4,96,296,-0.4,0.1,100000.0,0.099945068359375,99999.99999990905,0,Rp || Cp,Rp,Cp,1683.5406393893797,1.222719026867962e-09,1.222719026867962e-09,1683.5406393893797,6.491657264825604e-05,6.491657264825604e-05,1.0,629.864252803465,-814.6613345026215,1029.7582565307546,-0.91263629970036,0.0010000000474974513,0,0.0010000000474974513,-0.228912353515625,0.03167724609375,-9.861755839501996e-05,0.00022891236438837836,off
1781066788.480358,2026-06-10T12:46:28.480,87896015833456,,2,cv_100kHz,bias,bias,-0.42000000000000004,97,297,-0.42000000000000004,0.1,100000.0,0.099945068359375,99999.99999990905,0,Rp || Cp,Rp,Cp,1586.398426373898,1.2229998877073243e-09,1.2229998877073243e-09,1586.398426373898,6.643763212504751e-05,6.643763212504751e-05,1.0,638.1168398709187,-777.8910266143082,1006.1349564615624,-0.8837894608482186,0.0010000000474974513,0,0.0010000000474974513,-0.197906494140625,0.021636962890625,-8.813476981117674e-05,0.00019790650354067907,off
1781066788.9182782,2026-06-10T12:46:28.918,87896042785136,,2,cv_100kHz,bias,bias,-0.44000000000000006,98,298,-0.44000000000000006,0.1,100000.0,0.099945068359375,99999.99999990905,0,Rp || Cp,Rp,Cp,1441.7319146120058,1.2197674081828633e-09,1.2197674081828633e-09,1441.7319146120058,6.855422900873107e-05,6.855422900873107e-05,1.0,649.1633822070978,-717.291063046854,967.4293596565304,-0.835214178654564,0.0010000000474974513,0,0.0010000000474974513,-0.294189453125,0.015472412109375,-0.00013935852712698704,0.0002941894670982492,off
1781066789.3809643,2026-06-10T12:46:29.380,87896073750896,,2,cv_100kHz,bias,bias,-0.45999999999999996,99,299,-0.45999999999999996,0.1,100000.0,0.099945068359375,99999.99999990905,0,Rp || Cp,Rp,Cp,1335.1700089578505,1.2166103478562644e-09,1.2166103478562644e-09,1335.1700089578505,7.042744111500164e-05,7.042744111500164e-05,1.0,653.9553515644599,-667.4458560561733,934.4204474466268,-0.7956070505577902,0.0010000000474974513,0,0.0010000000474974513,-0.294189453125,0.006683349609375,-0.00014375305858571608,0.0002941894670982492,off
1781066789.7714124,2026-06-10T12:46:29.771,87896097548656,,2,cv_100kHz,bias,bias,-0.48,100,300,-0.48,0.1,100000.0,0.099945068359375,99999.99999990905,0,Rp || Cp,Rp,Cp,1269.2772891507734,1.214783238373868e-09,1.214783238373868e-09,1269.2772891507734,7.198184875131237e-05,7.198184875131237e-05,1.0,654.7465904531512,-634.3200136374865,911.6221681217978,-0.7695534682292684,0.0010000000474974513,0,0.0010000000474974513,-0.294189453125,-0.001312255859375,-0.00014775086150997652,0.0002941894670982492,off
1781066790.22264,2026-06-10T12:46:30.222,87896124213616,,2,cv_100kHz,bias,bias,-0.5,101,301,-0.5,0.1,100000.0,0.099945068359375,99999.99999990905,0,Rp || Cp,Rp,Cp,1183.5571658526762,1.2126892965497298e-09,1.2126892965497298e-09,1183.5571658526762,7.452712603003053e-05,7.452712603003053e-05,1.0,652.7180436157288,-588.6325452616352,878.936355945489,-0.7338183308064072,0.0010000000474974513,0,0.0010000000474974513,-0.306243896484375,-0.0107421875,-0.00015849304952020304,0.00030624391103017956,off
1781066790.6737661,2026-06-10T12:46:30.673,87896151452016,,2,cv_100kHz,bias,bias,-0.49,102,302,-0.49,0.1,100000.0,0.099945068359375,99999.99999990905,0,Rp || Cp,Rp,Cp,1233.698944244354,1.2142180926162653e-09,1.2142180926162653e-09,1233.698944244354,7.287388983387239e-05,7.287388983387239e-05,1.0,654.1791879929283,-615.7188997995898,898.3652784772486,-0.7551212964521035,0.0010000000474974513,0,0.0010000000474974513,-0.306243896484375,-0.002899169921875,-0.00015457154054487887,0.00030624391103017956,off
1781066791.1624448,2026-06-10T12:46:31.162,87896177256816,,2,cv_100kHz,bias,bias,-0.48,103,303,-0.48,0.1,100000.0,0.099945068359375,99999.99999990905,0,Rp || Cp,Rp,Cp,1289.7695277787916,1.2155659506955337e-09,1.2155659506955337e-09,1289.7695277787916,7.180464945965495e-05,7.180464945965495e-05,1.0,654.5796910312044,-644.8118850365561,918.8345547457953,-0.7778810898742011,0.0010000000474974513,0,0.0010000000474974513,-0.306243896484375,-0.002899169921875,-0.00015457154054487887,0.00030624391103017956,off
1781066791.5756655,2026-06-10T12:46:31.575,87896205642096,,2,cv_100kHz,bias,bias,-0.47,104,304,-0.47,0.1,100000.0,0.099945068359375,99999.99999990905,0,Rp || Cp,Rp,Cp,1341.6415254530339,1.2169519651110027e-09,1.2169519651110027e-09,1341.6415254530339,7.041223607628401e-05,7.041223607628401e-05,1.0,653.6949425292742,-670.6021189852875,936.4957447185271,-0.7981643760911852,0.0010000000474974513,0,0.0010000000474974513,-0.255462646484375,-0.002899169921875,-0.0001291809143388889,0.0002554626586181996,off
1781066792.0081124,2026-06-10T12:46:32.008,87896231446896,,2,cv_100kHz,bias,bias,-0.46,105,305,-0.46,0.1,100000.0,0.099945068359375,99999.99999990905,0,Rp || Cp,Rp,Cp,1391.3216044718736,1.2182590341090994e-09,1.2182590341090994e-09,1391.3216044718736,6.949607563726647e-05,6.949607563726647e-05,1.0,651.9136244962202,-694.2839017342666,952.3767689371448,-0.816861818500698,0.0010000000474974513,0,0.0010000000474974513,-0.251617431640625,-0.002899169921875,-0.00012725830682569494,0.0002516174435918117,off
1781066792.4275308,2026-06-10T12:46:32.427,87896254384496,,2,cv_100kHz,bias,bias,-0.45,106,306,-0.45,0.1,100000.0,0.099945068359375,99999.99999990905,0,Rp || Cp,Rp,Cp,1446.9996128554467,1.219805147981922e-09,1.219805147981922e-09,1446.9996128554467,6.84163790240533e-05,6.84163790240533e-05,1.0,648.901512753979,-719.6437066228808,968.9996066750085,-0.8370437251549153,0.0010000000474974513,0,0.0010000000474974513,-0.243316650390625,-0.011260986328125,-0.00012728882440526945,0.00024331666194754575,off
1781066792.8328412,2026-06-10T12:46:32.832,87896279902576,,2,cv_100kHz,bias,bias,-0.44,107,307,-0.44,0.1,100000.0,0.099945068359375,99999.99999990905,0,Rp || Cp,Rp,Cp,1505.757875901632,1.220988448437706e-09,1.220988448437706e-09,1505.757875901632,6.762166085777444e-05,6.762166085777444e-05,1.0,645.0239047045975,-745.1134054715468,985.5200782600887,-0.8572738570261657,0.0010000000474974513,0,0.0010000000474974513,-0.2303466796875,0.01507568359375,-0.00010763550315928683,0.0002303466906283802,off
1781066793.2877045,2026-06-10T12:46:33.287,87896308001136,,2,cv_100kHz,bias,bias,-0.43,108,308,-0.43,0.1,100000.0,0.099945068359375,99999.99999990905,0,Rp || Cp,Rp,Cp,1569.3225193085686,1.222539016863681e-09,1.222539016863681e-09,1569.3225193085686,6.651070252107552e-05,6.651070252107552e-05,1.0,639.718042385627,-771.1580617292793,1001.9600440754899,-0.8782920214701826,0.0010000000474974513,0,0.0010000000474974513,-0.2216796875,0.01507568359375,-0.00010330200685970681,0.00022167969802922016,off
1781066793.7698677,2026-06-10T12:46:33.769,87896334092656,,2,cv_100kHz,bias,bias,-0.42,109,309,-0.42,0.1,100000.0,0.099945068359375,99999.99999990905,0,Rp || Cp,Rp,Cp,1627.0737003492525,1.2233563070974242e-09,1.2233563070974242e-09,1627.0737003492525,6.563808585093863e-05,6.563808585093863e-05,1.0,634.5454719042564,-793.6020999826839,1016.0965746478635,-0.8963137600192124,0.0010000000474974513,0,0.0010000000474974513,-0.21917724609375,0.01507568359375,-0.00010205078609715201,0.00021917725650411057,off
1781066794.2018023,2026-06-10T12:46:34.201,87896362191216,,2,cv_100kHz,bias,bias,-0.41000000000000003,110,310,-0.41000000000000003,0.1,100000.0,0.099945068359375,99999.99999990905,0,Rp || Cp,Rp,Cp,1699.4116184488912,1.2239675130903254e-09,1.2239675130903254e-09,1699.4116184488912,6.475456082312023e-05,6.475456082312023e-05,1.0,627.5442595906682,-820.1488938565293,1032.6935682182243,-0.9176638758133697,0.0010000000474974513,0,0.0010000000474974513,-0.21246337890625,0.00616455078125,-0.00010314941896183427,0.000212463388997719,off
1781066794.576425,2026-06-10T12:46:34.576,87896388282736,,2,cv_100kHz,bias,bias,-0.4,111,311,-0.4,0.1,100000.0,0.099945068359375,99999.99999990905,0,Rp || Cp,Rp,Cp,1774.3720005613548,1.2243018900808664e-09,1.2243018900808664e-09,1774.3720005613548,6.395969029002535e-05,6.395969029002535e-05,1.0,619.7473673418054,-845.9170034381704,1048.6478799067456,-0.9385025588469352,0.0010000000474974513,0,0.0010000000474974513,-0.20416259765625,0.009979248046875,-9.70916794162946e-05,0.00020416260735345304,off
1781066795.052658,2026-06-10T12:46:35.052,87896412080496,,2,cv_100kHz,bias,bias,-0.39,112,312,-0.39,0.1,100000.0,0.099945068359375,99999.99999990905,0,Rp || Cp,Rp,Cp,1848.848117929892,1.2247573876631792e-09,1.2247573876631792e-09,1848.848117929892,6.322157185722024e-05,6.322157185722024e-05,1.0,611.3427329734906,-869.793035215078,1063.146208791695,-0.9581534770562508,0.0010000000474974513,0,0.0010000000474974513,-0.193695068359375,0.015167236328125,-8.92639202554335e-05,0.00019369507755939708,off
1781066795.4855134,2026-06-10T12:46:35.485,87896439318896,,2,cv_100kHz,bias,bias,-0.38,113,313,-0.38,0.1,100000.0,0.099945068359375,99999.99999990905,0,Rp || Cp,Rp,Cp,1931.5684661255152,1.2253964438696098e-09,1.2253964438696098e-09,1931.5684661255152,6.246162170219001e-05,6.246162170219001e-05,1.0,601.4095769992977,-894.4105851627954,1077.805072430877,-0.9788289064457388,0.0010000000474974513,0,0.0010000000474974513,-0.18927001953125,0.017547607421875,-8.586121013287595e-05,0.00018927002852109354,off
1781066795.957206,2026-06-10T12:46:35.957,87896466557296,,2,cv_100kHz,bias,bias,-0.37,114,314,-0.37,0.1,100000.0,0.099945068359375,99999.99999990905,0,Rp || Cp,Rp,Cp,2014.8538008755077,1.226054511857465e-09,1.226054511857465e-09,2014.8538008755077,6.181414333303236e-05,6.181414333303236e-05,1.0,591.0111012819312,-917.3368203332066,1091.2382708545,-0.9984609275057216,0.0010000000474974513,0,0.0010000000474974513,-0.182861328125,0.02056884765625,-8.11462440886146e-05,0.00018286133681044703,off
1781066796.4069998,2026-06-10T12:46:36.407,87896491788656,,2,cv_100kHz,bias,bias,-0.36,115,315,-0.36,0.1,100000.0,0.099945068359375,99999.99999990905,0,Rp || Cp,Rp,Cp,2100.03695200968,1.226790230819856e-09,1.226790230819856e-09,2100.03695200968,6.125899913373582e-05,6.125899913373582e-05,1.0,580.0695285371824,-938.9817818922621,1103.7062311425611,-1.0174170588546423,0.0010000000474974513,0,0.0010000000474974513,-0.17681884765625,0.0574951171875,-5.966186806816154e-05,0.0001768188560546946,off
1781066796.912099,2026-06-10T12:46:36.912,87896523614576,,2,cv_100kHz,bias,bias,-0.35,116,316,-0.35,0.1,100000.0,0.099945068359375,99999.99999990905,0,Rp || Cp,Rp,Cp,2209.1098391397472,1.2278766376798699e-09,1.2278766376798699e-09,2209.1098391397472,6.0649495355835745e-05,6.0649495355835745e-05,1.0,565.7541452184835,-964.227823651834,1117.9503784767235,-1.0401814843558281,0.0010000000474974513,0,0.0010000000474974513,-0.1727294921875,0.0574951171875,-5.761719023666956e-05,0.00017272950039171064,off
1781066797.3632522,2026-06-10T12:46:37.363,87896548845936,,2,cv_100kHz,bias,bias,-0.33999999999999997,117,317,-0.33999999999999997,0.1,100000.0,0.099945068359375,99999.99999990905,0,Rp || Cp,Rp,Cp,2312.247020714952,1.228560212975329e-09,1.228560212975329e-09,2312.247020714952,6.009020984599913e-05,6.009020984599913e-05,1.0,552.4001553571736,-985.9714406758808,1130.1706125479911,-1.0601102549323598,0.0010000000474974513,0,0.0010000000474974513,-0.165924072265625,0.0574951171875,-5.421448011411201e-05,0.00016592408014659554,off
1781066797.7842114,2026-06-10T12:46:37.784,87896577804656,,2,cv_100kHz,bias,bias,-0.32999999999999996,118,318,-0.32999999999999996,0.1,100000.0,0.099945068359375,99999.99999990905,0,Rp || Cp,Rp,Cp,2413.2407269950395,1.2290796384929538e-09,1.2290796384929538e-09,2413.2407269950395,5.9626614400830235e-05,5.9626614400830235e-05,1.0,539.4970781431797,-1005.4248971180883,1141.0242421044113,-1.078309949387035,0.0010000000474974513,0,0.0010000000474974513,-0.159515380859375,0.048309326171875,-5.5603029984752084e-05,0.00015951538843594903,off
1781066798.2133687,2026-06-10T12:46:38.213,87896603322736,,2,cv_100kHz,bias,bias,-0.32,119,319,-0.32,0.1,100000.0,0.099945068359375,99999.99999990905,0,Rp || Cp,Rp,Cp,2522.4574251209974,1.2297896547122048e-09,1.2297896547122048e-09,2522.4574251209974,5.9160332762599596e-05,5.9160332762599596e-05,1.0,525.6216563664532,-1024.4901777296566,1151.459182909215,-1.0967579187347956,0.0010000000474974513,0,0.0010000000474974513,-0.154144287109375,0.040252685546875,-5.69458034860304e-05,0.00015414429443083577,off
1781066798.7682614,2026-06-10T12:46:38.768,87896633428336,,2,cv_100kHz,bias,bias,-0.31,120,320,-0.31,0.1,100000.0,0.099945068359375,99999.99999990905,0,Rp || Cp,Rp,Cp,2652.974382944057,1.2306605185948706e-09,1.2306605185948706e-09,2652.974382944057,5.873420154054856e-05,5.873420154054856e-05,1.0,509.378422665616,-1044.9409213343206,1162.4835080792886,-1.117222041615254,0.0010000000474974513,0,0.0010000000474974513,-0.15020751953125,0.040252685546875,-5.4977419603474686e-05,0.00015020752666572434,off
1781066799.3056688,2026-06-10T12:46:39.305,87896666974576,,2,cv_100kHz,bias,bias,-0.3,121,321,-0.3,0.1,100000.0,0.099945068359375,99999.99999990905,0,Rp || Cp,Rp,Cp,2777.666925687715,1.2313717495802894e-09,1.2313717495802894e-09,2777.666925687715,5.832758020046389e-05,5.832758020046389e-05,1.0,494.38107927577875,-1062.4562678267012,1171.847247976513,-1.1352764057523226,0.0010000000474974513,0,0.0010000000474974513,-0.14630126953125,0.04327392578125,-5.151367432176812e-05,0.00014630127648018743,off
1781066799.811509,2026-06-10T12:46:39.811,87896696793456,,2,cv_100kHz,bias,bias,-0.29000000000000004,122,322,-0.29000000000000004,0.1,100000.0,0.099945068359375,99999.99999990905,0,Rp || Cp,Rp,Cp,2926.7915793121556,1.23233324810077e-09,1.23233324810077e-09,2926.7915793121556,5.796178120154009e-05,5.796178120154009e-05,1.0,477.0102013529421,-1081.004490449051,1181.570751400773,-1.155229543058191,0.0010000000474974513,0,0.0010000000474974513,-0.141204833984375,0.04595947265625,-4.7622682926018456e-05,0.00014120484069124473,off
1781066800.265682,2026-06-10T12:46:40.265,87896726612336,,2,cv_100kHz,bias,bias,-0.28,123,323,-0.28,0.1,100000.0,0.099945068359375,99999.99999990905,0,Rp || Cp,Rp,Cp,3069.8029889457575,1.2332083619302124e-09,1.2332083619302124e-09,3069.8029889457575,5.767932905720854e-05,5.767932905720854e-05,1.0,461.07820750330256,-1096.7343097108487,1189.7139402105827,-1.1728197597277175,0.0010000000474974513,0,0.0010000000474974513,-0.14013671875,0.046142578125,-4.699707254474106e-05,0.00014013672540613697,off
1781066800.6981661,2026-06-10T12:46:40.698,87896752703856,,2,cv_100kHz,bias,bias,-0.27,124,324,-0.27,0.1,100000.0,0.099945068359375,99999.99999990905,0,Rp || Cp,Rp,Cp,3217.941647804461,1.2338080434263282e-09,1.2338080434263282e-09,3217.941647804461,5.737942047952559e-05,5.737942047952559e-05,1.0,445.5030451876855,-1111.3639548148324,1197.3315344269379,-1.1895474799679773,0.0010000000474974513,0,0.0010000000474974513,-0.136077880859375,0.049102783203125,-4.348755089367273e-05,0.00013607788732272752,off
1781066801.1645362,2026-06-10T12:46:41.164,87896777935216,,2,cv_100kHz,bias,bias,-0.26,125,325,-0.26,0.1,100000.0,0.099945068359375,99999.99999990905,0,Rp || Cp,Rp,Cp,3384.9466869536373,1.2344665971197905e-09,1.2344665971197905e-09,3384.9466869536373,5.710223099868359e-05,5.710223099868359e-05,1.0,428.84235235389104,-1125.9230598283743,1204.8271659560587,-1.2068799768037293,0.0010000000474974513,0,0.0010000000474974513,-0.1334228515625,0.068939208984375,-3.224182282046684e-05,0.0001334228578997454,off
1781066801.684334,2026-06-10T12:46:41.684,87896809761136,,2,cv_100kHz,bias,bias,-0.25,126,326,-0.25,0.1,100000.0,0.099945068359375,99999.99999990905,0,Rp || Cp,Rp,Cp,3564.6286175064197,1.2352717283826471e-09,1.2352717283826471e-09,3564.6286175064197,5.687789200959234e-05,5.687789200959234e-05,1.0,411.88446304614706,-1139.5465471764408,1211.6992795576637,-1.2239612981340169,0.0010000000474974513,0,0.0010000000474974513,-0.128753662109375,0.068939208984375,-2.9907227983017037e-05,0.0001287536682248458,off
1781066802.1690328,2026-06-10T12:46:42.169,87896836999536,,2,cv_100kHz,bias,bias,-0.24,127,327,-0.24,0.1,100000.0,0.099945068359375,99999.99999990905,0,Rp || Cp,Rp,Cp,3769.944741892278,1.2362872833216122e-09,1.2362872833216122e-09,3769.944741892278,5.6664890727746754e-05,5.6664890727746754e-05,1.0,393.6999968576458,-1152.921309331551,1218.28864930955,-1.2417314459631885,0.0010000000474974513,0,0.0010000000474974513,-0.125732421875,0.09368896484375,-1.602172927661627e-05,0.00012573242784696959,off
1781066802.5686114,2026-06-10T12:46:42.568,87896864237936,,2,cv_100kHz,bias,bias,-0.22999999999999998,128,328,-0.22999999999999998,0.1,100000.0,0.099945068359375,99999.99999990905,0,Rp || Cp,Rp,Cp,3950.3213895435792,1.2371261700748619e-09,1.2371261700748619e-09,3950.3213895435792,5.6465589674953156e-05,5.6465589674953156e-05,1.0,378.7926660069529,-1163.128921018151,1223.2549900693245,-1.255961298690826,0.0010000000474974513,0,0.0010000000474974513,-0.125091552734375,0.09368896484375,-1.5701294691083945e-05,0.00012509155867590493,off
1781066803.028823,2026-06-10T12:46:43.028,87896892909936,,2,cv_100kHz,bias,bias,-0.21999999999999997,129,329,-0.21999999999999997,0.1,100000.0,0.099945068359375,99999.99999990905,0,Rp || Cp,Rp,Cp,4196.801000731322,1.2382093065235481e-09,1.2382093065235481e-09,4196.801000731322,5.6297984847748295e-05,5.6297984847748295e-05,1.0,359.91070473054555,-1175.1331373114415,1229.0132650980904,-1.2735951273655,0.0010000000474974513,0,0.0010000000474974513,-0.118927001953125,0.09765625,-1.0635376481715753e-05,0.00011892700760185448,off
1781066803.489871,2026-06-10T12:46:43.489,87896917281136,,2,cv_100kHz,bias,bias,-0.21000000000000002,130,330,-0.21000000000000002,0.1,100000.0,0.099945068359375,99999.99999990905,0,Rp || Cp,Rp,Cp,4424.532466837229,1.2397504949216968e-09,1.2397504949216968e-09,4424.532466837229,5.6175994613870245e-05,5.6175994613870245e-05,1.0,343.55852664234004,-1184.0833560856859,1232.9176190596827,-1.288403085467398,0.0010000000474974513,0,0.0010000000474974513,-0.118927001953125,0.09765625,-1.0635376481715753e-05,0.00011892700760185448,off
1781066803.9171479,2026-06-10T12:46:43.917,87896943659376,,2,cv_100kHz,bias,bias,-0.2,131,331,-0.2,0.1,100000.0,0.099945068359375,99999.99999990905,0,Rp || Cp,Rp,Cp,4684.5663224595,1.2404193183361066e-09,1.2404193183361066e-09,4684.5663224595,5.6042387912269583e-05,5.6042387912269583e-05,1.0,326.90244251106026,-1193.5371657377782,1237.4959284446418,-1.303458821864744,0.0010000000474974513,0,0.0010000000474974513,-0.118927001953125,0.09765625,-1.0635376481715753e-05,0.00011892700760185448,off
1781066804.4617825,2026-06-10T12:46:44.461,87896973764976,,2,cv_100kHz,bias,bias,-0.19,132,332,-0.19,0.1,100000.0,0.099945068359375,99999.99999990905,0,Rp || Cp,Rp,Cp,4938.235026631429,1.2408373813227389e-09,1.2408373813227389e-09,4938.235026631429,5.590976211480521e-05,5.590976211480521e-05,1.0,312.09431214268056,-1201.5790461570202,1241.4487761625235,-1.3166748060458746,0.0010000000474974513,0,0.0010000000474974513,-0.11529541015625,0.065032958984375,-2.5131226779606664e-05,0.00011529541563248813,off
1781066804.8836334,2026-06-10T12:46:44.883,87897003870576,,2,cv_100kHz,bias,bias,-0.18,133,333,-0.18,0.1,100000.0,0.099945068359375,99999.99999990905,0,Rp || Cp,Rp,Cp,5263.971918592583,1.2411640541077908e-09,1.2411640541077908e-09,5263.971918592583,5.579274281661992e-05,5.579274281661992e-05,1.0,294.87132781601355,-1210.4731675066673,1245.870936020904,-1.3318501542325756,0.0010000000474974513,0,0.0010000000474974513,-0.112640380859375,0.105316162109375,-3.6621095489408617e-06,0.000112640386209506,off
1781066805.3465338,2026-06-10T12:46:45.346,87897031108976,,2,cv_100kHz,bias,bias,-0.16999999999999998,134,334,-0.16999999999999998,0.1,100000.0,0.099945068359375,99999.99999990905,0,Rp || Cp,Rp,Cp,5595.673280565393,1.2413080077347028e-09,1.2413080077347028e-09,5595.673280565393,5.5677088616064616e-05,5.5677088616064616e-05,1.0,279.12956596850205,-1218.1972498360017,1249.7671199490576,-1.3455512417361064,0.0010000000474974513,0,0.0010000000474974513,-0.110076904296875,0.105316162109375,-2.38037120681156e-06,0.0001100769095252474,off
1781066805.7683399,2026-06-10T12:46:45.768,87897055193456,,2,cv_100kHz,bias,bias,-0.15999999999999998,135,335,-0.15999999999999998,0.1,100000.0,0.099945068359375,99999.99999990905,0,Rp || Cp,Rp,Cp,5907.71571344765,1.2416355694972826e-09,1.2416355694972826e-09,5907.71571344765,5.559460972036374e-05,5.559460972036374e-05,1.0,265.6156031928243,-1224.1853716082528,1252.669738087068,-1.3571347697964857,0.0010000000474974513,0,0.0010000000474974513,-0.110076904296875,0.105316162109375,-2.38037120681156e-06,0.0001100769095252474,off
1781066806.188917,2026-06-10T12:46:46.188,87897080998256,,2,cv_100kHz,bias,bias,-0.14999999999999997,136,336,-0.14999999999999997,0.1,100000.0,0.099945068359375,99999.99999990905,0,Rp || Cp,Rp,Cp,6309.287784455167,1.2420486337311557e-09,1.2420486337311557e-09,6309.287784455167,5.551933045045348e-05,5.551933045045348e-05,1.0,249.93585501260728,-1230.6296377495212,1255.7536529623958,-1.3704257035254983,0.0010000000474974513,0,0.0010000000474974513,-0.106109619140625,0.104888916015625,-6.103515914901436e-07,0.00010610962418056147,off
1781066806.6405263,2026-06-10T12:46:46.640,87897109956976,,2,cv_100kHz,bias,bias,-0.14,137,337,-0.14,0.1,100000.0,0.099945068359375,99999.99999990905,0,Rp || Cp,Rp,Cp,6670.45350658958,1.2422978138485958e-09,1.2422978138485958e-09,6670.45350658958,5.54557596573953e-05,5.54557596573953e-05,1.0,237.30225267283112,-1235.5570744969625,1258.138960315232,-1.381046002431275,0.0010000000474974513,0,0.0010000000474974513,-0.1046142578125,0.104888916015625,1.3732910808528231e-07,0.00010488892099758118,off
1781066807.0924559,2026-06-10T12:46:47.092,87897135475056,,2,cv_100kHz,bias,bias,-0.13,138,338,-0.13,0.1,100000.0,0.099945068359375,99999.99999990905,0,Rp || Cp,Rp,Cp,7137.19798444453,1.2430116647259922e-09,1.2430116647259922e-09,7137.19798444453,5.5420761895489516e-05,5.5420761895489516e-05,1.0,222.5385040315144,-1240.4748996486956,1260.2782876948352,-1.3932867226150718,0.0010000000474974513,0,0.0010000000474974513,-0.102630615234375,0.104888916015625,1.1291504442567657e-06,0.00010488892099758118,off
1781066807.5445194,2026-06-10T12:46:47.544,87897162426736,,2,cv_100kHz,bias,bias,-0.12,139,339,-0.12,0.1,100000.0,0.099945068359375,99999.99999990905,0,Rp || Cp,Rp,Cp,7577.799895033482,1.2433619715225992e-09,1.2433619715225992e-09,7577.799895033482,5.5381625905719015e-05,5.5381625905719015e-05,1.0,210.22454603472434,-1244.5260877618796,1262.1567029792282,-1.4034566468273528,0.0010000000474974513,0,0.0010000000474974513,-0.102294921875,0.072906494140625,-1.4694214565125208e-05,0.00010229492673374807,off
1781066808.0701816,2026-06-10T12:46:48.070,87897189665136,,2,cv_100kHz,bias,bias,-0.10999999999999999,140,340,-0.10999999999999999,0.1,100000.0,0.099945068359375,99999.99999990905,0,Rp || Cp,Rp,Cp,8084.224469572356,1.243544937889366e-09,1.243544937889366e-09,8084.224469572356,5.534660232996221e-05,5.534660232996221e-05,1.0,197.66427782388624,-1248.5556554741847,1264.1053720098691,-1.413785069331769,0.0010000000474974513,0,0.0010000000474974513,-0.101654052734375,0.1103515625,4.348755089367273e-06,0.00011035156774141797,off
1781066808.4873257,2026-06-10T12:46:48.487,87897222637936,,2,cv_100kHz,bias,bias,-0.09999999999999998,141,341,-0.09999999999999998,0.1,100000.0,0.099945068359375,99999.99999990905,0,Rp || Cp,Rp,Cp,8528.3292972114,1.243617778551187e-09,1.243617778551187e-09,8528.3292972114,5.53088919916272e-05,5.53088919916272e-05,1.0,187.81544564859237,-1251.5899192505212,1265.6034005934505,-1.4218462447645275,0.0010000000474974513,0,0.0010000000474974513,-0.10137939453125,0.1103515625,4.486084197452556e-06,0.00011035156774141797,off
1781066808.9268458,2026-06-10T12:46:48.926,87897245002096,,2,cv_100kHz,bias,bias,-0.08999999999999997,142,342,-0.08999999999999997,0.1,100000.0,0.099945068359375,99999.99999990905,0,Rp || Cp,Rp,Cp,9013.137642191536,1.2443664335857789e-09,1.2443664335857789e-09,9013.137642191536,5.531122924228605e-05,5.531122924228605e-05,1.0,177.91364038042065,-1253.7570999753834,1266.317546736243,-1.4298330912281234,0.0010000000474974513,0,0.0010000000474974513,-0.10125732421875,0.1103515625,4.54711935660157e-06,0.00011035156774141797,off
1781066809.3647106,2026-06-10T12:46:49.364,87897268799856,,2,cv_100kHz,bias,bias,-0.08000000000000002,143,343,-0.08000000000000002,0.1,100000.0,0.099945068359375,99999.99999990905,0,Rp || Cp,Rp,Cp,9547.496365780158,1.2446091584939186e-09,1.2446091584939186e-09,9547.496365780158,5.529967845681299e-05,5.529967845681299e-05,1.0,168.2531001564331,-1256.219231090871,1267.4367291012163,-1.4376526067801347,0.0010000000474974513,0,0.0010000000474974513,-0.10125732421875,0.097991943359375,-1.6326905072361342e-06,0.00010125732902821483,off
1781066809.801923,2026-06-10T12:46:49.801,87897299192176,,2,cv_100kHz,bias,bias,-0.07,144,344,-0.07,0.1,100000.0,0.099945068359375,99999.99999990905,0,Rp || Cp,Rp,Cp,10085.09011050249,1.2448433451745057e-09,1.2448433451745057e-09,10085.09011050249,5.528928644912579e-05,5.528928644912579e-05,1.0,159.51696844040035,-1258.2914358983787,1268.3623302809094,-1.4446963138675337,0.0010000000474974513,0,0.0010000000474974513,-0.097381591796875,0.10009765625,1.3580322910655696e-06,0.00010009766100438355,off
1781066810.2354832,2026-06-10T12:46:50.235,87897324996976,,2,cv_100kHz,bias,bias,-0.06,145,345,-0.06,0.1,100000.0,0.099945068359375,99999.99999990905,0,Rp || Cp,Rp,Cp,10532.865368709388,1.2449256297369979e-09,1.2449256297369979e-09,10532.865368709388,5.5280882498444465e-05,5.5280882498444465e-05,1.0,152.91693240265334,-1259.8689905612187,1269.1152278627742,-1.4500118799748314,0.0010000000474974513,0,0.0010000000474974513,-0.097381591796875,0.10009765625,1.3580322910655696e-06,0.00010009766100438355,off
1781066810.659882,2026-06-10T12:46:50.659,87897350228336,,2,cv_100kHz,bias,bias,-0.04999999999999999,146,346,-0.04999999999999999,0.1,100000.0,0.099945068359375,99999.99999990905,0,Rp || Cp,Rp,Cp,11022.763646797954,1.2451415625874946e-09,1.2451415625874946e-09,11022.763646797954,5.5276593897652056e-05,5.5276593897652056e-05,1.0,146.25519937679294,-1261.2477597605296,1269.699371837956,-1.4553512225485767,0.0010000000474974513,0,0.0010000000474974513,-0.097381591796875,0.10009765625,1.3580322910655696e-06,0.00010009766100438355,off
1781066811.1097796,2026-06-10T12:46:51.109,87897376319856,,2,cv_100kHz,bias,bias,-0.03999999999999998,147,347,-0.03999999999999998,0.1,100000.0,0.099945068359375,99999.99999990905,0,Rp || Cp,Rp,Cp,11367.784282074812,1.2452952921157274e-09,1.2452952921157274e-09,11367.784282074812,5.5278255434742485e-05,5.5278255434742485e-05,1.0,141.89422100440362,-1262.0970348181088,1270.0483830355083,-1.4588391101420441,0.0010000000474974513,0,0.0010000000474974513,-0.095733642578125,0.077880859375,-8.92639202554335e-06,9.573364712522903e-05,off
1781066811.5621557,2026-06-10T12:46:51.562,87897405278576,,2,cv_100kHz,bias,bias,-0.02999999999999997,148,348,-0.02999999999999997,0.1,100000.0,0.099945068359375,99999.99999990905,0,Rp || Cp,Rp,Cp,11782.18903967618,1.2454269510220583e-09,1.2454269510220583e-09,11782.18903967618,5.527562596823599e-05,5.527562596823599e-05,1.0,136.9930619473395,-1263.0562354724811,1270.463755086159,-1.4627570908685477,0.0010000000474974513,0,0.0010000000474974513,-0.09405517578125,0.09515380859375,5.493164323411293e-07,9.515381311331339e-05,off
1781066812.0451293,2026-06-10T12:46:52.045,87897432230256,,2,cv_100kHz,bias,bias,-0.020000000000000018,149,349,-0.020000000000000018,0.1,100000.0,0.099945068359375,99999.99999990905,0,Rp || Cp,Rp,Cp,11913.786442347748,1.2453130510665463e-09,1.2453130510665463e-09,11913.786442347748,5.526622540731161e-05,5.526622540731161e-05,1.0,135.53898732468025,-1263.4918806677465,1270.7409451175793,-1.46393165926528,0.0010000000474974513,0,0.0010000000474974513,-0.09405517578125,0.09515380859375,5.493164323411293e-07,9.515381311331339e-05,off
1781066812.4654627,2026-06-10T12:46:52.465,87897458895216,,2,cv_100kHz,bias,bias,-0.010000000000000009,150,350,-0.010000000000000009,0.1,100000.0,0.099945068359375,99999.99999990905,0,Rp || Cp,Rp,Cp,11785.954503265057,1.2450874470789321e-09,1.2450874470789321e-09,11785.954503265057,5.526170230069855e-05,5.526170230069855e-05,1.0,137.02413925124858,-1263.4020169078115,1270.810871477055,-1.4627621185420177,0.0010000000474974513,0,0.0010000000474974513,-0.09405517578125,0.09515380859375,5.493164323411293e-07,9.515381311331339e-05,off
1781066812.9459577,2026-06-10T12:46:52.945,87897484700016,,2,cv_100kHz,bias,bias,0.0,151,351,0.0,0.1,100000.0,0.099945068359375,99999.99999990905,0,Rp || Cp,Rp,Cp,11929.38652757625,1.245006816817903e-09,1.245006816817903e-09,11929.38652757625,5.525701644128617e-05,5.525701644128617e-05,1.0,135.43161171711506,-1263.8331862923187,1271.0688589632312,-1.4640442945505052,0.0010000000474974513,0,0.0010000000474974513,-0.09295654296875,0.082244873046875,-5.35583521532601e-06,9.295654738394887e-05,off
